cross_reference,client_name,activity,name,classification,subclassification,region,prospect_date,city,client_number,compliance_classification,status,former_name,country,active_since
Janine O'Connell,Ms. Golda Wisozk,nHalE,Verla Bogan,EWLR,quibusdam.css,IL,1987-09-07,Alyciastad,1051,FIO,active,Dr. Khari Jakubowski III,Suriname,2008-12-20
Felecia Hartmann,Rae Johnson,coTuA,Katlynn Gerlach,WKJE,possimus.js,UG,1982-05-16,Kuhicberg,0,fir,inactive,Duane Nienow,Spain,1985-06-17
Mr. Willaim Goldner,Dr. Montana Armstrong I,Rcobq,Suzy Cronin,HNW,eaque.avi,QA,2004-05-16,Nevaburgh,916,BxY,inactive,Mr. Holmes Hessel,Malaysia,2001-02-22
Kamya Wuckert MD,Sydnee Crooks,PUfaE,Ceasar Kessler,WKJE,dicta.jpeg,TM,1991-06-20,Lake Bria,1631068,hLc,active,Ally Howe,Bolivia,2009-05-06
Adriane Kozey,Benito Kovacek,lWtUk,Ana Feest,WKJE,qui.js,VU,2014-11-22,New Bascomstad,98154489,XkR,inactive,Zavion Lesch,Jamaica,1984-01-03
Ronna Jakubowski,Mr. Eliseo Howe I,nIzmF,Madden Orn MD,EWLR,labore.mp3,RS,1995-06-05,North Jaye,0,huM,inactive,Vinson Barton,Antigua and Barbuda,1981-07-12
Marie Schuppe,Jayne Gibson,fmgeO,Keisha Schulist,EWLR,explicabo.mp4,BB,2012-04-23,Lake Amanishire,9534,QYC,active,Donald Reinger,Mozambique,1992-11-02
Carey Gutmann,Jerad Ernser,RpYWv,Dr. Mose Hickle,EWLR,quaerat.html,KR,1989-08-19,Mannburgh,65935,SCL,inactive,Roxane Lind,Venezuela,1991-05-25
Ross Little,Gilda Beatty DVM,JmARX,Dr. Verlene Terry PhD,WKJE,enim.jpg,CH,1995-03-28,Hilahhaven,42450070,eQi,inactive,Dr. Donnell Connelly II,Korea,2015-07-16
Anitra Brakus DDS,Karlie Lynch,DSrvc,Jaycee Kuhic,EWLR,soluta.wav,TJ,1987-01-31,Rempelhaven,95,BjF,inactive,Josephine Bode DDS,Portugal,1993-06-02
Mrs. Letty Kuhic,Beatrice Satterfield,aCFIE,Mr. Trumaine Schaefer,HNW,quas.jpeg,CM,1979-12-16,Kreigerland,174154540,ZXW,inactive,Cleo Streich,Kenya,1972-08-04
Yajaira Lemke,Darby Mann,npDWh,Miss Lesli Lueilwitz,HNW,necessitatibus.json,KZ,1999-01-22,New Idamouth,996893,QDH,inactive,Caylee Goldner,British Virgin Islands,2009-02-24
Effie Jacobson DVM,Adeline Hermiston,CHumQ,Deedee Orn MD,WKJE,quia.webm,CI,2002-04-21,Granvilletown,8757511,Emo,active,Ms. Hailee Jakubowski DDS,Guadeloupe,1986-08-17
Dr. August Watsica,Fielding Abshire V,pYvNz,Myrtie Lemke,WKJE,dignissimos.flac,ML,1991-09-25,South Cherrelle,4,ila,active,Ebba Lebsack,Iceland,2002-07-10
Clotilda Denesik,Essie Frami DVM,bsCfS,Stanford Flatley,EWLR,ipsam.html,TV,1991-09-20,Casperstad,725,cVy,active,Mr. Mustafa Mohr,Cuba,1988-04-01
Jayvion Abernathy,Lalla Aufderhar,zDfsP,Kayli Miller,WKJE,similique.png,DJ,1972-09-07,South Darcimouth,8989010,xly,inactive,Dr. Earlie Weimann,Antigua and Barbuda,1993-07-06
Devin Kihn,Epsie Schamberger,RDaxW,Kyrie Miller,HNW,excepturi.mp3,RS,1986-03-08,East Bush,1,hcH,inactive,Jailyn Nader,Barbados,1994-02-06
Burnice Lebsack,Mrs. Zana Turner,fkKEs,Lauri Green,EWLR,itaque.avi,SV,2000-01-26,Emmerichtown,228890,lvx,inactive,Lavona Wisoky,Afghanistan,1993-06-21
Theta Cummings,Jasen Stoltenberg,GfMGT,Miss Gabriella Stroman,WKJE,quod.avi,GE,1997-03-11,Erlingbury,5325,gBX,active,Tina Waters,Dominican Republic,1972-10-09
Katrina Roob,Paxton Effertz,Qlivx,Kaylee Wolff,HNW,dolores.txt,LC,1990-04-03,Henrettaborough,0,HTR,inactive,Berta Wiegand PhD,Malta,1984-11-15
Mr. Eloy Heidenreich,Shane Veum,TiLvl,Sherrill Metz,EWLR,recusandae.gif,SZ,1974-07-28,North Elmina,63812050,QYT,active,Dr. Denver Leuschke I,Taiwan,2010-07-31
Levi Wolf,Ms. Tommie Mohr,efYxJ,Alma Mohr MD,WKJE,nemo.mp4,GD,1991-10-13,Lillianburgh,46871,CHo,inactive,Samuel Harvey III,Uzbekistan,2005-02-02
Gerry O'Hara,Hosie Stracke,LZLBm,Ralph Boyer Jr.,HNW,aperiam.js,VA,1991-09-24,Port Kiyokoview,31,wnn,inactive,Miss Marva Hahn MD,Ukraine,2005-05-12
Kinte Veum,Evonne Kerluke,bqXCK,Barb O'Kon DDS,HNW,et.jpeg,FI,1986-11-18,Wehnertown,36253058,iYc,active,Marilyn Stehr DVM,Venezuela,1973-09-03
Eddy Littel,Domonique Ankunding,DtcsG,Denver Skiles,EWLR,ut.flac,SN,1970-03-31,Buelview,231841787,gTs,active,Mr. Pierre Lang DDS,United Kingdom,1977-04-16
Emilee Heaney,Mr. Susie Bashirian III,knTkp,Dr. Garry Rodriguez,WKJE,laudantium.flac,VE,1981-05-05,South Tyreese,3373,mnM,active,Sheryll Gutkowski MD,Denmark,1999-05-16
Jensen Toy,Jimmy Lubowitz DDS,nbaUN,Gracie Ratke,WKJE,earum.mov,MW,1975-09-04,West Erieburgh,246742546,pdp,active,Raquel Flatley,Peru,1975-04-26
Mr. Matthias Cremin MD,Ms. Kaylan Fisher PhD,jqFeK,Bradley Kertzmann,WKJE,quaerat.flac,MM,2001-05-07,New Donn,52710,YgE,active,Lovie Oberbrunner DDS,Bolivia,1979-05-16
Mrs. Vela Weber,Ms. Karon Kihn DVM,eiCOk,Cleola Kunde,EWLR,sunt.mp4,TD,2009-10-23,North Elwandaview,52491169,JdI,inactive,Joyce Lowe,Cameroon,1993-08-28
Isidore Hudson,Mr. Lewis Haley IV,hHyah,Margurite Von,HNW,facilis.gif,PL,1991-05-17,Vicieborough,1534,fXi,active,Metha Marvin,Mongolia,1995-04-14
Victory McCullough,Kimball Sporer,MWvch,Owen Pouros,EWLR,ab.png,MA,1973-10-24,Hjalmarton,21983667,PZl,inactive,Eleonora Wiegand,United Kingdom,1972-03-31
Hope Gleichner,Kayley Klocko,dKZjB,Alford Haag,EWLR,est.mov,NL,1978-08-01,Lake Konnorhaven,644,aFz,active,Alleen Hettinger,American Samoa,1981-12-03
Yair D'Amore,Butler Macejkovic,vXoCh,Ms. Ocie Pollich,HNW,id.webm,TH,2001-08-23,Waelchimouth,931296994,YlY,active,Hillard Jaskolski,Guyana,1999-08-12
Dr. Alline Larkin PhD,Miss Laurel Emmerich DDS,fRWNz,Adelard Johnston,EWLR,earum.jpg,ID,1972-07-07,Port Chandraborough,7746086,SNq,inactive,Allen Purdy,Romania,1985-01-16
Imelda Conroy,Ms. Taina Friesen,kHJxt,Hillary Rempel,HNW,cum.mp3,EC,2010-03-27,Governormouth,3,AMr,inactive,Maybelle Ortiz,Palestinian Territory,2007-10-31
Cilla Cronin,Edgar Gerhold I,urGvR,Martez Krajcik,EWLR,tenetur.mp4,TR,1997-11-09,West Michial,6,CLC,inactive,Homer Toy DVM,Central African Republic,1992-08-20
Dr. Emilee Hilll,Dr. Jesse Conroy PhD,FtQen,Hart McDermott,EWLR,perspiciatis.json,DZ,2011-05-17,Hellermouth,0,dLe,active,Dr. Gustie Hintz DVM,Luxembourg,2013-10-13
Benny Mohr,Arietta Smith,hylYC,Mitzi Douglas,EWLR,quia.js,AR,2006-08-21,Bedfordview,365569,mjx,inactive,Laurel Schmidt,Honduras,2014-08-29
Linette Spencer,Dori Johnston,Duqnz,Arleen Toy DDS,HNW,ea.js,TV,2000-12-25,Clariceborough,5323070,ZUp,active,Mr. Matt Reichel,United States Minor Outlying Islands,1970-06-23
Abel Berge,Yasmine Anderson,YTfRp,Benjiman Keebler,HNW,reiciendis.json,NA,2009-10-10,South Lance,3115548,LPC,active,Ms. Gwenda Nienow,Congo,1986-06-08
Stacey Schoen,Racheal Heidenreich,XZkMM,Harvy Connelly,WKJE,iure.mp4,BE,1996-04-13,South Cierraview,897,oFo,active,Mr. Earl Aufderhar I,Chad,1999-10-31
Sheridan Mayert,Ida Simonis Sr.,BUtot,Dr. Milas Satterfield,WKJE,omnis.mp4,MM,1985-03-01,Mariahfurt,2,Swv,active,Baylie Hintz,Norfolk Island,2000-09-04
Mr. Floyd Heidenreich,Nicolette Pouros DDS,svKcY,Burdette Hagenes,HNW,quo.webm,BI,1977-12-09,Port Ephramshire,111833,CvH,inactive,Basil Brekke,Ecuador,1995-12-21
Isabell Sporer,Toy Christiansen,ARQnl,Dr. April Farrell PhD,EWLR,voluptas.webm,CV,2008-11-30,North Kip,26247871,HcP,active,Mrs. Verdell Hyatt,Timor-Leste,1977-03-30
Edra Doyle,Alicia Hoeger,qjmXJ,Julien Huels DDS,WKJE,architecto.csv,VN,1998-02-21,New Tempiestad,900208797,rWi,active,Alonzo Purdy IV,South Georgia and the South Sandwich Islands,1986-04-22
Marlo Hessel,Hanna Cummings PhD,zGuWN,Jobe Ernser,EWLR,est.avi,JP,2004-03-10,Boyerchester,0,ouo,active,Mr. Jermaine Lebsack,Christmas Island,1986-08-04
Teela Larkin,Cristen Considine,eaKzH,Everette Johnston,HNW,architecto.mp4,PW,1994-10-03,Lake Juniorfurt,678,BQg,inactive,Rosalind Prohaska,United Kingdom,1980-10-09
Dr. Lorayne Rice,Rochelle Luettgen PhD,KNBSD,Corbin Smith,EWLR,eveniet.jpeg,UA,1970-06-08,West Rollie,879404,GUo,active,Ebb Cartwright,Cayman Islands,1997-12-29
Phyllis Brekke,Mr. Adrien Hirthe,UTCnq,Enoch Blick,EWLR,modi.csv,LT,1982-06-14,West Katherine,502505,bni,active,Lola Bednar,Angola,1983-07-22
Dr. Gage Wisoky II,Lelah Conroy,ksQKC,Dr. Javonte Lesch,WKJE,voluptate.mp4,BZ,1985-12-23,Tavionview,56086,GcS,inactive,Dora Wehner,Sudan,2003-01-02
Mr. Royce Hilpert,Tea Wilkinson,dCfbr,Hattie Blick V,EWLR,nulla.mp3,TN,1971-10-06,Cummingsview,5,dGK,inactive,Miss Bula Franecki,Turkmenistan,1970-06-05
Maury West,Dr. Avis Nader MD,GQfHH,Muhammad Johnson MD,WKJE,ut.webm,BZ,1990-08-07,Toryview,463,bWY,inactive,Dr. Stephen O'Connell II,Norway,1996-07-29
Cappie Muller,Malorie Kassulke DVM,eCNEK,Kayson Orn,WKJE,consequatur.mp3,LS,1974-01-03,Mertzbury,0,bPX,inactive,Orrie Keeling,Gambia,1990-09-09
Gregory Towne,Trilby Williamson,DhrFi,Emerson Corwin DDS,HNW,quia.wav,GQ,1999-12-02,North Suzanne,5785,zmz,inactive,Mrs. Georgine Denesik,Sao Tome and Principe,1983-07-01
Marlena Baumbach,Webb Monahan,BZlTG,Meghan Goodwin,WKJE,eum.csv,SB,2000-03-19,East Iza,9053,Ofq,active,Margene Kiehn MD,Greenland,2012-10-10
Keeley Kautzer,Patrice Murphy PhD,ebyqv,Tayshaun Schmitt,WKJE,quidem.jpeg,CG,1982-09-09,North Riannaport,66628,SZu,inactive,Ace Nitzsche,Palau,1978-11-30
Bert Braun,Lary Roob,shdWX,Deedee Bogan DDS,EWLR,placeat.mp4,KW,1985-01-24,Lake Shellie,215,HJM,active,Lonny Farrell,Marshall Islands,2013-03-30
Mace Moore,Dr. Merrill Stiedemann II,tdGcf,Ms. Kimber Franecki MD,HNW,rerum.css,VC,1994-11-05,Lake Kraigland,999,cnM,inactive,Mr. Max Carter,Guernsey,1981-08-06
Ada Hansen PhD,Valentino Ullrich,vkFqN,Miya Paucek,WKJE,ipsum.avi,UZ,1985-07-29,East Gaigehaven,0,zEW,active,Kurt Collier,French Guiana,1998-04-10
Gauge Crona,Karon O'Connell,HnhEm,Cheryll Jacobi,EWLR,quia.avi,MC,1987-11-23,Naderton,564,Krt,inactive,Izabelle McLaughlin,Wallis and Futuna,1983-05-19
Theresa Cartwright,Dr. Rich McGlynn,GBKVT,Dr. Derl Reilly,EWLR,ullam.wav,MT,2003-05-23,Brittniport,511670681,nUM,inactive,Esco Harber,Romania,1978-04-01
Opha Pagac,Fredrick Steuber,PfUcC,Nannie Windler,HNW,dolorem.wav,LB,2003-07-31,West Meryl,40078045,ZSn,inactive,Liam Farrell,Malta,1984-03-30
Dr. Lynne Hessel PhD,Dr. Mario Roob I,MmMOs,Peter Emmerich,EWLR,quibusdam.tiff,MZ,1979-10-29,East Stevie,506629330,MiL,inactive,Jaylon Wilkinson Sr.,Canada,1978-08-31
Heaven O'Keefe,Maddux Barrows,RLAiS,Tanisha Willms,HNW,consequuntur.css,SA,1975-10-30,New Alondrabury,789,CaS,inactive,Courtland Orn,Kyrgyz Republic,1983-05-18
Ernestine Swaniawski,Benjamine Hettinger,bSHBG,Harlan Fritsch,HNW,consequatur.flac,PT,2005-12-21,Brekkeland,2649554,jNg,active,Chandler Wisoky,Malawi,1992-01-12
Mr. Albion Ankunding,Mr. Thornton King,dPwdF,Landyn Huel IV,HNW,nisi.txt,BG,2009-05-23,Hermannchester,53,kvS,active,Allisson Brown,Philippines,1990-02-16
Angus Kunze,Dr. Shawn Balistreri,lxRsY,Haiden Von,WKJE,libero.mp3,BA,2009-12-14,Vadatown,91469,Ynq,inactive,Gust Huel,Wallis and Futuna,2007-09-20
Gilman Moore,Lorenz Daniel,vBWNr,Fleda Wolf,WKJE,et.tiff,SC,1998-06-30,West Bartleybury,79,Txy,active,Augustin Jacobson,Congo,1999-02-07
Pleasant Deckow,Avery Jakubowski,mxhKA,Ancil Harris,HNW,voluptate.mov,NP,1983-07-08,South Meghanshire,2499,rAR,inactive,Orlin Morissette,Ukraine,2002-08-22
Dejah Berge,Miss Daisey Ankunding PhD,nbhYX,Joyce Nitzsche,EWLR,itaque.json,LR,1975-10-03,New Jean,2560,lOx,active,Mr. Troy Haley Sr.,India,2003-01-30
Alf Jenkins,Leon Jakubowski DVM,XiNnA,Drema Little,EWLR,iure.jpeg,SO,1987-04-21,Hattieport,873930,JOS,active,Dominga Schamberger,Eritrea,1997-01-03
Mr. Thornton Boyle,Shirlie Effertz,aEHTY,Vicky Gleason MD,HNW,et.wav,PL,1978-10-10,Port Jaydenside,98,pVC,inactive,Giovanny Rempel DDS,Benin,1997-08-16
Alvaro Schamberger,Daxton Larson,vFRha,Ellen Ullrich,EWLR,tempora.avi,EG,1995-03-30,Elliottshire,3631587,Sws,active,Icie Treutel,France,1995-04-06
Louie Schroeder,Dr. Minoru Bednar II,HKjAI,Briley Hagenes DVM,HNW,quia.jpeg,BH,2015-06-09,New Brantleystad,70572,hyN,inactive,Mistie Friesen,Czech Republic,2009-09-28
Orvin Lindgren,Janene Konopelski MD,kFGrg,Auston Padberg,EWLR,quidem.csv,AM,1977-07-14,North Noelialand,899328465,dbM,active,Mr. Leamon McCullough,Bahrain,2015-02-24
Lura Luettgen,Deborrah Lang,CXeOy,Mr. Columbus Boyer,EWLR,iusto.js,CO,1999-03-25,Gidgetstad,1546588,qCq,inactive,Freeda Roberts,Bahamas,1980-03-09
Dr. Eldon Gutkowski,Shaneka Grant,KXqNf,Dr. Tobe Kling,HNW,consequuntur.mp3,LI,1982-03-26,Lake Jennabury,8,LJG,inactive,Ardell Boyer,Ukraine,2007-01-30
Dalia VonRueden,Mr. Leif Runolfsson,KzWfS,Brittany Prohaska,WKJE,architecto.json,SZ,1970-06-08,North Marcelton,13156072,lle,active,Tegan Von,Malaysia,2003-05-06
Jeromy Gibson,Bailey Langworth,JTjcd,Ras Kerluke,WKJE,magnam.mp3,CM,1972-09-23,New Effa,0,joR,inactive,Britny Johnston,Iran,1980-09-01
Harvie Gleason,Elton Kilback,SEMYY,Aidyn Roberts,HNW,voluptatem.mp3,NE,2012-08-17,North Aleenaberg,0,rjG,active,Miss Mireya Barton,Kenya,1998-01-11
Steve Hintz,Fitzhugh Brown,DxIuO,Mark Kuhn Jr.,HNW,pariatur.gif,BB,2004-07-03,Mariusborough,1995,kmP,inactive,Vernon Zemlak,Puerto Rico,1974-01-24
Jagger Greenfelder,Granville Gaylord,ANOsP,Jackie Dooley,EWLR,voluptas.wav,IE,1990-01-07,South Love,986,vlW,inactive,Encarnacion Cremin,Hong Kong,2009-06-27
Mrs. Suzan Runolfsdottir MD,Amalia Hickle MD,LmcvR,Felicity Bahringer,HNW,et.tiff,CN,1979-02-17,West Soledadfort,4107,twt,inactive,Irl McGlynn,Pakistan,1981-04-03
Zaid Deckow,Estrella Toy,QZCom,Dirk Crooks,HNW,illum.mp3,GR,1973-10-15,Metzstad,2405,Aai,active,Pinkie Kozey PhD,Tonga,1981-09-09
Dr. Ursula Schmidt DVM,Charlotte Swaniawski PhD,mdoUO,Rick Kovacek,EWLR,inventore.html,TN,1983-07-17,East Hessiefort,434718,vKz,inactive,Mrs. Marcia Jacobson,Rwanda,1994-11-20
Valentino Dietrich,Arletta Effertz,PsRRa,Burdette Cummerata,WKJE,quae.css,ES,1970-06-07,Denaview,647294842,gOv,inactive,Mara Ward,Niger,1979-05-16
Orpha Jaskolski,Dr. Furman Will II,qXHDM,Dr. Rupert Kunze V,EWLR,optio.csv,NP,2009-06-29,West Jocelynnshire,525788,xTh,inactive,Tyreese Bednar,Montenegro,1985-02-04
Mrs. Anika Ankunding DVM,Earlie Powlowski,fyIGM,Mr. Uriah Ferry DDS,EWLR,consequatur.flac,GT,1980-04-20,Keatonshire,99382553,BRh,active,Mr. Jaheem Leannon Jr.,Belarus,2006-08-04
Julian Tromp,Lukas Kovacek,UBdCK,Jerrie Cassin,HNW,nam.jpg,UZ,1997-02-07,Judieborough,60270,pWX,active,Tollie Osinski MD,Vanuatu,2004-08-11
Jory Balistreri,Jaycob Denesik,kTVjo,Alisa Erdman,HNW,et.html,AZ,1998-02-13,Jeanmarieport,85264502,WeT,inactive,Kristoffer Kovacek,Dominican Republic,1976-03-15
Cason Metz,Barrie Littel,dCAfx,Jimena Gleason,WKJE,ut.avi,AG,2015-04-03,Colettachester,2552,cOl,inactive,Sherrill Conroy,Saudi Arabia,1972-04-01
Aydan Stanton,Judith Spinka,QXSVY,Dr. Lucius McClure IV,EWLR,autem.flac,LY,2001-12-07,North Willie,977828,LKB,active,Hermine Cronin,Heard Island and McDonald Islands,1978-07-08
Bama Abbott,Deandra Lakin DVM,OXVjp,Enos Cruickshank,WKJE,eaque.mp3,SE,1999-01-18,North Keegan,39407,RQC,active,Jaeda Prohaska,Brazil,1992-12-19
Miss Citlali Bergnaum DDS,Lennon Heller,KOvuR,Shaquana Sporer,EWLR,atque.bmp,BS,1988-07-14,Lake Percybury,11,hJo,inactive,Drury Ratke,Guinea,2000-09-28
Dr. Kala Wisoky DVM,Keyshawn O'Reilly III,iGuIE,Dr. Jeramy Ebert,EWLR,ipsa.csv,BA,1973-01-17,New Abbott,629,Ktl,inactive,Shenna O'Hara,Holy See (Vatican City State),1983-04-02
Keenan Gutmann DDS,Dr. Davey Streich Sr.,PlRfi,Dr. Daryl Williamson,EWLR,blanditiis.mp3,CR,1973-05-13,Cristyside,3,IVW,inactive,Jax Runte,Norway,1978-06-09
Mrs. Jaylen Herman,Hervey Kovacek,urPCZ,Chandra Block,EWLR,nostrum.flac,SM,1970-06-22,Hoegerborough,79,qZb,inactive,Emelia Hintz DVM,New Caledonia,2009-06-16
Billie Predovic,Dr. Nigel Jaskolski,UwzdO,Bridget Ritchie,HNW,rerum.avi,GE,1973-05-18,Lake Ewaldbury,0,UBv,active,Marceline Littel,Latvia,1999-08-17
Emmy Effertz PhD,Kori Schultz,ssjjE,Chandler Moore,HNW,adipisci.tiff,RW,1987-09-10,Clausstad,24433811,bLV,inactive,Val Terry,Saint Martin,1994-05-20
Miss Ernestina Bruen,Lora Ferry,xDJUY,Cory Deckow,HNW,molestiae.mp3,GT,1987-08-28,South Taniastad,8,FRI,active,Mr. Forrest Bartell,Equatorial Guinea,1987-02-16
